{"last_tab":"","homepage":"3874","google_api_key_opt":"AIzaSyAHAz-B9mZZJiFZRdZBPQ9falbfa-UXypw","contacts_email":"","sender_email":"","header_widget":"5150","header_type":"1","pick_slider":"0","footer_widget":"4453","scroll-to-top":"1","pageloader":"0","pgl_color_bgr":{"color":"#000000","alpha":"0.95","rgba":"rgba(0,0,0,0.95)"},"pgl_color":{"color":"#fde428","alpha":"1","rgba":"rgba(253,228,40,1)"},"single-header":"","transition":"200","design-layout":"1","boxed-background":{"background-color":"#323232","background-repeat":"no-repeat","background-size":"inherit","background-attachment":"fixed","background-position":"center center","background-image":"","media":{"id":"","height":"","width":"","thumbnail":""}},"content-background":{"background-color":"#ffffff","background-repeat":"no-repeat","background-size":"inherit","background-attachment":"fixed","background-position":"center center","background-image":"","media":{"id":"","height":"","width":"","thumbnail":""}},"sidebar-layout":"1","left_sidebar_widgets":"_default_left_sidebar","right_sidebar_widgets":"_default_right_sidebar","portfolio_slug":"portfolio","cases_arch_title":"Case Studies List","portfolio_arch_desc":"<p style=\"text-align: center;\">We have a deep understanding of user habits and behaviors. We are committed to using fact-based knowledge and our unique brand of innovation to help you dominate the competition.<\/p>","gc1":{"color":"#e35c5c","alpha":"1","rgba":"rgba(227,92,92,1)"},"gc1d":{"color":"#333333","alpha":"1","rgba":"rgba(51,51,51,1)"},"link":{"regular":"#e35c5c","hover":"#1e73be","active":"#1e73be"},"gc2":{"color":"","alpha":"","rgba":""},"gc2d":{"color":"","alpha":"","rgba":""},"bgrc":{"color":"#ffffff","alpha":"1","rgba":"rgba(255,255,255,1)"},"ac1":{"color":"#a19b9b","alpha":"1","rgba":"rgba(161,155,155,1)"},"ac1l":{"color":"#d6c8c8","alpha":"1","rgba":"rgba(214,200,200,1)"},"ac1d":{"color":"#555555","alpha":"1","rgba":"rgba(85,85,85,1)"},"boxed-padding":{"padding-top":"","padding-right":"","padding-bottom":"","padding-left":"","units":"px"},"sidebar-bgr":{"color":"#ffffff","alpha":"1","rgba":"rgba(255,255,255,1)"},"sidebar-padding":{"padding-top":"0","padding-right":"15px","padding-bottom":"0","padding-left":"15px","units":"px"},"sidebar-border":{"border-top":"","border-right":"","border-bottom":"","border-left":"","border-style":"none","border-color":""},"sidebar-border-radius":"0","sidebar-width":{"width":"","units":"px"},"content-width":{"width":"","units":"px"},"content-padding":{"padding-top":"0","padding-right":"0","padding-bottom":"0","padding-left":"0","units":"px"},"button-padding":{"padding-top":"0","padding-right":"40px","padding-bottom":"0","padding-left":"40px","units":"px"},"button-border":{"border-top":"1px","border-right":"1px","border-bottom":"1px","border-left":"1px","border-style":"solid","border-color":"#F55E66"},"button-color":{"color":"#F55E66","alpha":"0","rgba":"rgba(245,94,102,0)"},"button-text-color":{"color":"#F55E66","alpha":"1","rgba":"rgba(245,94,102,1)"},"button-border-hover":{"border-top":"1px","border-right":"1px","border-bottom":"1px","border-left":"1px","border-style":"solid","border-color":"#F55E66"},"button-color-hover":{"color":"#F55E66","alpha":"1","rgba":"rgba(245,94,102,1)"},"button-text-color-hover":{"color":"#ffffff","alpha":"1","rgba":"rgba(255,255,255,1)"},"button-border-radius":"0","input-border":{"border-top":"1px","border-right":"1px","border-bottom":"1px","border-left":"1px","border-style":"solid","border-color":"#cccccc"},"input-border-radius":"0","input-color":{"color":"#ffffff","alpha":"1","rgba":"rgba(255,255,255,1)"},"input-text-color":{"color":"#292929","alpha":"1","rgba":"rgba(41,41,41,1)"},"typography-body":{"font-family":"Josefin Sans","font-options":"","google":"1","font-backup":"","font-weight":"400","font-style":"","subsets":"latin","text-align":"left","font-size":"17px","line-height":"17px","color":"#555555"},"h1-typography":{"font-family":"Dosis","font-options":"","google":"1","font-backup":"","font-weight":"600","font-style":"","subsets":"latin","text-align":"center","text-transform":"none","font-size":"64px","line-height":"72px","color":"#333333"},"h2-typography":{"font-family":"Dosis","font-options":"","google":"1","font-backup":"","font-weight":"600","font-style":"","subsets":"latin","text-align":"center","text-transform":"none","font-size":"48px","line-height":"56px","color":"#000000"},"h3-typography":{"font-family":"Dosis","font-options":"","google":"1","font-backup":"","font-weight":"600","font-style":"","subsets":"latin","text-align":"center","text-transform":"none","font-size":"30px","line-height":"38px","color":"#000000"},"reserved-typography":{"font-family":"Raleway","font-options":"","google":"1","font-weight":"700","font-style":"","subsets":"latin"},"reserved2-typography":{"font-family":"Raleway","font-options":"","google":"1","font-weight":"500","font-style":"","subsets":"latin"},"reserved3-typography":{"font-family":"","font-options":"","google":"1","font-weight":"","font-style":"","subsets":""},"reserved4-typography":{"font-family":"","font-options":"","google":"1","font-weight":"","font-style":"","subsets":""},"reserved5-typography":{"font-family":"","font-options":"","google":"1","font-weight":"","font-style":"","subsets":""},"typography-body-m":{"font-family":"Josefin Sans","font-options":"","google":"1","font-backup":"","font-weight":"400","font-style":"","subsets":"latin","text-align":"left","font-size":"17px","line-height":"26px","color":"#555555"},"h1-typography-m":{"font-family":"Dosis","font-options":"","google":"1","font-backup":"","font-weight":"600","font-style":"","subsets":"latin","text-align":"center","text-transform":"none","font-size":"38px","line-height":"48px","color":"#333333"},"404_title":"Page not found","404_descr":"It looks like nothing was found at this location. Maybe try a search?","404_icon":{"url":"https:\/\/demo29.atiframe.com\/wp-content\/uploads\/2020\/01\/Frame-98.png","id":"5787","height":"196","width":"517","thumbnail":"https:\/\/demo29.atiframe.com\/wp-content\/uploads\/2020\/01\/Frame-98-150x150.png","title":"Frame 98","caption":"","alt":"","description":""},"header-nested":"0","header-nested-buttonset":"button-css","header-nested-ace-js":"\/\/ function hello() { alert (\"HELLO\"); }","header-nested-ace-css":"","footer-nested":"1","footer-nested-buttonset":"button-css","footer-nested-ace-js":"","footer-nested-ace-css":"\/*Pagination on blog  margin-bottom*\/\r\n.page-numbers {\r\n    margin-bottom: 65px;\r\n}\r\n\/*Scroller*\/\r\n#scroller {\r\n    bottom: 30px;\r\n}\r\n\/*Textarea for comments height *\/\r\n#respond textarea {\r\n    height: 120px;\r\n}\r\n\/*Entry meta font-style *\/\r\n.entry-meta {\r\n    font-style: normal;\r\n}\r\n\/*Close icon in modal window*\/\r\n#ouibounce-modal .modal > i {\r\n    margin-right: 20px;\r\n    margin-top: 20px;\r\n}\r\n\/*input focus *\/\r\n#respond input[type=\"text\"]:active,\r\n#respond input[type=\"email\"]:active,\r\n#respond input[type=\"url\"]:active,\r\n#respond textarea:active,\r\n#respond input[type=\"text\"]:focus,\r\n#respond input[type=\"email\"]:focus,\r\n#respond input[type=\"url\"]:focus,\r\n#respond textarea:focus {\r\n    background-color: #F0F2F4;\r\n}\r\n.related .rblock .entry-meta {\r\n    margin-top: 40px;\r\n}\r\n.related .rblock:last-child {\r\n    display: none;\r\n}\r\n.comment-list li > div {\r\n    border-right: none;\r\n    border-left: none;\r\n    border-radius: 0px;\r\n}\r\n.related .rblock {\r\n    width: calc(50% - 30px);\r\n    margin-left: 15px;\r\n    margin-right: 15px;\r\n}\r\n\r\n\/*News archive padding for title *\/\r\n.archive.category main {\r\n    padding-top: 40px;\r\n}\r\n\/*mega menu active *\/\r\n.slmm li ul li a:active span {\r\n    color: #e35c5c;\r\n}\r\n.test1 {width:auto;}\r\n.txinline {width:auto;}\r\n@media only screen and (max-width: 1200px) {\r\n    body .test1 {display:none !important}\r\n}\r\n\r\n\/*Protected Post Form *\/ \r\n.post-password-form input[type=\"password\"] {\r\n    background: #f5f5f5;\r\n    border: none;\r\n    border-radius: 5px 0px 0px 5px;\r\n}\r\n.post-password-form input[type=\"submit\"] {\r\n    border-radius: 0px 5px 5px 0px;\r\n    text-transform: none;\r\n}\r\n\/*Date width (button overlayed by date fix)*\/\r\n.related .rblock .entry-meta .date {\r\n    width: 50%;\r\n}\r\n\/*Pagination on News page *\/\r\nul.page-numbers li a,\r\nul.page-numbers li .current {\r\n    border: 2px rgb(227, 92, 92) solid;\r\n    border-radius: 50%;\r\n    line-height: 50px;\r\n}\r\nul.page-numbers li a:hover {\r\n    border-color: rgba(227, 92, 92, 0.71);\r\n    color: rgba(227, 92, 92, 0.7);\r\n}\r\n\/*Category article image *\/\r\n.rblock .thumb > div img,\r\n.category article .thumb > div img,\r\n.archive article .thumb > div img {\r\n    border-radius: 50%;\r\n    border: 2px solid #fff;\r\n}\r\n\/*Fix for MEGA MENU line wrong position on hover*\/\r\n.menu-item-icon:hover a i {\r\n    text-decoration: none;\r\n    display: none;\r\n}\r\n.slmm .menu-item-icon {\r\n    display: none;\r\n}\r\n\r\n\/*404 *\/\r\n.e404 {\r\n    margin: 0px auto 150px auto;\r\n}\r\n\/*Post Author block *\/\r\n.avatar {\r\n    border-radius: 50%;\r\n    width: 100px;\r\n}\r\n.author_info {\r\n    border: 1px solid #f5f5f5;\r\n    background: #f5f5f5 url(\/wp-content\/uploads\/2020\/02\/Frame-84.png) 100% 50%\/contain no-repeat scroll;\r\n    padding: 30px;\r\n}\r\n.author_title {\r\n    font-family: josefin sans;\r\n    text-transform: uppercase;\r\n    font-size: 14px;\r\n    font-weight: bold;\r\n}\r\n.author_bio p {\r\n    margin-bottom: 10px;\r\n}\r\n.author_info .author_avatar {\r\n    margin-right: 25px;\r\n}\r\n\r\n\/*Widgets in Sidebar *\/\r\n.single .tags-links a {\r\n    border: none;\r\n    background: #f5f5f5;\r\n}\r\n\r\n.widget_tag_cloud .tagcloud a {\r\n    border: none;\r\n    background: #f5f5f5;\r\n}\r\n.tagcloud a {\r\n    margin: 0 2.5px 15px 2.5px;\r\n}\r\n.widget_recent_entries ul li {\r\n    border: none;\r\n    padding-left: 0px;\r\n    \r\n}\r\n.widget_recent_entries ul li a {\r\n    color: #333333;\r\n    margin-top: -15px;\r\n}\r\n.widget_recent_entries ul li a::before {\r\n    display: none;\r\n}\r\nh3.widget-title {\r\n    font-family: Josefin Sans;\r\n    font-size: 14px;\r\n    text-transform: uppercase;\r\n    font-weight: bold;\r\n    color: #000000;\r\n}\r\n#s {\r\n    border-radius: 5px;\r\n    height: 60px;\r\n    border: none;\r\n    background:#f5f5f5;\r\n    padding-left: 30px;\r\n}\r\n#s::placeholder {\r\n    font-size: 20px;\r\n}\r\nmain .widget-area > div {\r\n    padding-left: 0px;\r\n}\r\n.search-form input[type=\"submit\"] {\r\n   border-radius: 0px 5px 5px 0px; \r\n   width: 60px;\r\n   height: 60px;\r\n   border: none;\r\n   \r\n}\r\n\r\n.widget {\r\n    margin: 0 0 48px;\r\n}\r\n.widget > ul > li,\r\n.widget > ul > li:first-child,\r\n.widget > ul > li:last-child {\r\n    margin-bottom:10px;\r\n    border-radius: 5px;\r\n}\r\n\r\n\/*Custom css for single Post and related blocks *\/\r\n.post-template-default.single main {\r\n    padding: 65px 0 150px 0;\r\n}\r\n.related h2 {\r\n    color: #333;\r\n}\r\n#reply-title {color: #333333;}\r\n.single .nav-links {\r\n    border-top: 1px solid #DDDDDD;\r\n    padding-top: 30px;\r\n}\r\n\r\n.nav-previous a{\r\n      text-align: left;\r\n    text-transform: uppercase;\r\n    font-family: Josefin Sans;\r\n    font-style: normal;\r\n    font-weight: bold;\r\n    font-size: 14px;\r\n}\r\n.nav-next a {\r\n    text-transform: uppercase;\r\n    font-family: Josefin Sans;\r\n    font-style: normal;\r\n    font-weight: bold;\r\n    font-size: 14px;\r\n}\r\n.has-text-align-left {text-align: left;} \r\n.author_info .author_title {line-height: 31px;}\r\n.related .rblock .wr {\r\n    background: #f5f5f5;\r\n    border: 1px solid #f5f5f5;\r\n    padding-bottom: 20px;\r\n    padding-top: 10px;\r\n    padding-left: 20px;\r\n}\r\n.rblock .wr .descr {\r\n    text-align: left;\r\n}\r\n.related .rblock h5 {margin-bottom: 0;}\r\n.related .rblock h5 a {\r\n    color: #333333;\r\n    font-size: 24px;\r\n    line-height: 30px;\r\n    font-weight: 400;\r\n    font-family: Josefin Sans;\r\n    margin-bottom: 5px;\r\n}\r\n.rmore::before {\r\n    content: \"\\edbe\";\r\n    font-family: 'native' !important;\r\n    border: 2px solid #E35C5C;\r\n    padding: 17px 17px;\r\n    border-radius: 50%;\r\n    color:#E35C5C;\r\n    font-size: 12px;\r\n    font-weight: bold;\r\n  \r\n} \r\n.rmore {\r\n    text-decoration: none;\r\n    display: block;\r\n    position: absolute;\r\n    right: 40px;\r\n    bottom: 40px;\r\n}\r\n.rmore:hover::before {\r\n    color: #fff;\r\n    background-color:#E35C5C;\r\n}\r\n.entry-meta .date i {display:none;}\r\n\/*Custom css for single Post and related blocks END *\/\r\n\/*Button Post List *\/\r\n.more::before {\r\n    content: \"\\edbe\";\r\nfont-family: 'native' !important;\r\nborder: 2px solid #E35C5C;\r\npadding: 0 20px;\r\nborder-radius: 50%;\r\ncolor:#E35C5C;\r\nline-height: 56px;\r\ndisplay: inline-block;\r\nwidth: 58px;\r\nheight: 58px;margin-right:30px;text-align: center;font-weight: 400;\r\n} \r\n\r\n.more:hover::before {\r\n    color: #fff;\r\n    background-color:#E35C5C;\r\n}\r\n\r\n.more {\r\n    border: none;\r\n    padding: 0px;\r\n}\r\n@media only screen and (max-width: 540px) {\r\n    body .more {text-align: left;}\r\n    article .c_block, .search article .c_block {padding: 40px 30px 20px 30px;}\r\n}\r\narticle .c_block, .search article .c_block {\r\n\r\n    padding: 40px 50px 20px 50px;\r\n\r\n}\r\n\r\n.c_block .entry-content p {\r\n   -webkit-line-clamp: 3 !important;\r\n}\r\n.related .rblock .wr {\r\n    padding-top: 20px;\r\n}\r\n\/* Comments FORM *\/\r\n#respond input[type=\"text\"], \r\n#respond input[type=\"email\"], \r\n#respond input[type=\"url\"], \r\n#respond textarea {\r\n    border-radius: 5px;\r\n    background: #f5f5f5;\r\n    border: none;\r\n}\r\n#respond input.submit {\r\n    text-transform: capitalize;\r\n    font-size: 16px;\r\n    border-radius: 5px;\r\n    margin-top: 20px;\r\n}\r\n#respond input {\r\n    margin-bottom: 20px;\r\n   \r\n}\r\n#respond textarea {\r\n    margin-bottom: 10px;\r\n}\r\n\r\nmain input[type=\"submit\"],\r\nmain .form-submit input[type=\"submit\"] {\r\nborder-top: 1px solid #E35C5C;\r\nborder-bottom: 1px solid #E35C5C;\r\nborder-left: 1px solid #E35C5C;\r\nborder-right: 1px solid #E35C5C;\r\nbackground-color: #E35C5C;\r\ncolor: #fff;\r\n}\r\nmain .form-submit input[type=\"submit\"]:hover {\r\n    color: #E35C5C;    background-color: #fff;\r\n    border-top: 1px solid #E35C5C;\r\n    border-bottom: 1px solid #E35C5C;\r\n    border-left: 1px solid #E35C5C;\r\n    border-right: 1px solid #E35C5C;\r\n}\r\n\r\n#commentform .comment-form-author,\r\n#commentform .comment-form-email,\r\n#commentform .comment-form-url {\r\n   width: calc(33% - 8px);\r\n   margin: 0 15px 0 0;\r\n}\r\n#commentform .comment-form-url {  margin-right: 0;}\r\n\r\n\r\n\r\n\/* Comments FORM END *\/\r\n\r\n\r\narticle .c_block, .search article .c_block {\r\n    border: none;\r\n}\r\n\r\n.category article > div,\r\n.archive article > div,\r\n.blog article > div,\r\n.search article > div {\r\n    background-color: #f5f5f5;\r\n}\r\n\r\n\r\n.custblog ul.post-categories li a {\r\n    border: 0;\r\n    font-weight: 800;\r\n    line-height: 30px;\r\n    display: inline-block;\r\n    font-size: 12px;\r\n    line-height: 16px;\r\n    margin-bottom: 9px;\r\n    text-transform: uppercase;\r\n}\r\n.custblog .post-categories {margin-bottom: 0px;}\r\n.ieslide { transition-duration: 0.5s; }\r\n\r\n.ssc_icon_box {transition: 0.5s !important;}\r\n\r\n.ssc_img_ef.type9 .ieslide i {\r\n color: white!important;   \r\n}\r\n\r\nblockquote cite {font-weight: normal;}\r\n.imagetest {overflow: hidden;}\r\n\r\n.more {color: #E35C5C!important; text-transform: none;}\r\n\r\n.post-categories li a { border-radius: 5px!important; }\r\n.custblog .entry-meta a:hover {color: #e35c5c;}\r\n#ouibounce-modal .modal {width: 650px;height: 600px;}\r\n.blog main, .archive main, .category main, .search main, .search-results main, html .woocommerce-page main {\r\nwidth: 100%;margin: 0 auto;padding: 140px 15px 120px 15px;}\r\n.p_arch .plist .over {background-color: rgba(255, 120, 90, 0.85);}\r\n@media screen and (max-width: 768px) {\r\n.post-template-default.single main {\r\n    padding: 65px 0 80px 0;\r\n}\r\n}","shop-header_type":"1","shop-pick_slider":"","shop1":{"color":"#ce0000","alpha":"1","rgba":"rgba(206,0,0,1)"},"product_columns":"4","relates_product_products":"4","relates_product_columns":"4","shop-layout":"1","shop-boxed-background":{"background-color":"#323232","background-repeat":"no-repeat","background-size":"","background-attachment":"fixed","background-position":"center center","background-image":"","media":{"id":"","height":"","width":"","thumbnail":""}},"shop-content-background":{"background-color":"#ffffff","background-repeat":"no-repeat","background-size":"","background-attachment":"fixed","background-position":"center center","background-image":"","media":{"id":"","height":"","width":"","thumbnail":""}},"shop-sidebar-layout":"1","shop_left_sidebar_widgets":"shop_default_left_sidebar","shop_right_sidebar_widgets":"shop_default_right_sidebar","shop_header_widget":"","shop_footer_widget":"","woocomp":"1","wooadd1":"1","wooadd2":"1","woostate":"1","woocity":"1","woophone":"1","woopostcode":"1","woocountry":"1","blog-sidebar-layout":"1","blog_left_sidebar_widgets":"blog_default_left_sidebar","blog_right_sidebar_widgets":"blog_default_right_sidebar","blog_header_widget":"","blog-header_type":"1","blog-pick_slider":"0","blog-title-typography":{"font-family":"Josefin Sans","font-options":"","google":"1","font-backup":"","font-weight":"400","font-style":"","subsets":"","text-align":"left","text-transform":"capitalize","font-size":"24px","line-height":"30px","color":"#333333"},"blog-layout":"1","blog-boxed-background":{"background-color":"#1e2248","background-repeat":"","background-size":"","background-attachment":"","background-position":"","background-image":"","media":{"id":"","height":"","width":"","thumbnail":""}},"blog-content-background":{"background-color":"#ffffff","background-repeat":"","background-size":"","background-attachment":"","background-position":"","background-image":"","media":{"id":"","height":"","width":"","thumbnail":""}},"blog_footer_widget":"","blog-custom-heading":"1","blog-heading-background":{"background-color":"transparent","background-repeat":"no-repeat","background-size":"inherit","background-attachment":"fixed","background-position":"center center","background-image":"","media":{"id":"","height":"","width":"","thumbnail":"https:\/\/demo29.atiframe.com\/wp-content\/uploads\/2019\/10\/chart2-150x150.png"}},"bgfrom":{"color":"","alpha":"","rgba":""},"bgto":{"color":"","alpha":"","rgba":""},"bgfromo":{"color":"#e35c5c","alpha":"0","rgba":"rgba(227,92,92,0)"},"bgtoo":{"color":"#e35c5c","alpha":"0","rgba":"rgba(227,92,92,0)"},"blog-heading-padding":{"padding-top":"140px","padding-right":"55px","padding-bottom":"0","padding-left":"55px","units":"px"},"blog-heading-cat-text":{"color":"#e35c5c","alpha":"1","rgba":"rgba(227,92,92,1)"},"blog-heading-cat-bgr":{"color":"#FFFFFF","alpha":"0","rgba":"rgba(255,255,255,0)"},"blog-heading-cat-border":{"border-top":"1px","border-right":"1px","border-bottom":"1px","border-left":"1px","border-style":"solid","border-color":"#FFFFFF"},"blog-heading-cat-radius":"5","blog-heading-h1-color":{"color":"#333333","alpha":"1","rgba":"rgba(51,51,51,1)"},"blog-heading-meta-color":{"color":"#555555","alpha":"1","rgba":"rgba(85,85,85,1)"},"thumb-border-radius":"5","post-header":"","is_related_posts":"1","related_posts_title":"Related Posts","show_post_author":"1","show_post_category":"1","show_post_tags":"1","show_post_date":"1","show_comments_count":"1","show_read_more":"1","read_more_text":" ","read_more_related":"","show_modal":"1","modal_window":"3866","close-color":{"color":"#555555","alpha":"1","rgba":"rgba(85,85,85,1)"},"agressive_modal":"0","time_modal":"1000","day_modal":"2","redux-backup":"1"}