{"_last_updated":"Tue, 22 Oct 2019 12:52:12 +0000","ID":"CF5d600b10e4c75","cf_version":"1.8.7","name":"4 FIELDS","scroll_top":0,"success":"Form has been successfully submitted. Thank you.\t\t\t\t\t\t\t\t\t\t\t\t\t\t\t\t\t\t","db_support":1,"pinned":0,"hide_form":1,"avatar_field":null,"form_ajax":1,"custom_callback":"","layout_grid":{"fields":{"fld_1637343":"1:1","fld_8510004":"1:2","fld_862096":"1:3","fld_7382878":"2:1","fld_1739855":"3:1"},"structure":"4:4:4|12|12"},"fields":{"fld_1637343":{"ID":"fld_1637343","type":"text","label":"Your name","hide_label":1,"slug":"your_name","conditions":{"type":""},"required":1,"caption":"","config":{"custom_class":"","placeholder":"","default":"","type_override":"text","mask":"","email_identifier":0,"personally_identifying":0}},"fld_8510004":{"ID":"fld_8510004","type":"phone_better","label":"Phone","hide_label":1,"slug":"your_phone","conditions":{"type":""},"required":1,"caption":"","config":{"custom_class":"","placeholder":"","default":"","nationalMode":"on","email_identifier":0,"personally_identifying":0}},"fld_862096":{"ID":"fld_862096","type":"email","label":"E-mail","hide_label":1,"slug":"e_mail","conditions":{"type":""},"required":1,"caption":"","config":{"custom_class":"","placeholder":"","default":"","email_identifier":0,"personally_identifying":0}},"fld_7382878":{"ID":"fld_7382878","type":"paragraph","label":"Your Message","hide_label":1,"slug":"your_message","conditions":{"type":""},"required":1,"caption":"","config":{"custom_class":"","placeholder":"Your Message","rows":4,"default":"","email_identifier":0,"personally_identifying":0}},"fld_1739855":{"ID":"fld_1739855","type":"button","label":"Send message","slug":"send_message","conditions":{"type":""},"caption":"","config":{"custom_class":"","type":"submit","class":"btn btn-default","target":""}}},"page_names":["Page 1"],"mailer":{"on_insert":1,"sender_name":"Request","sender_email":"wordpress@atiframe.com","reply_to":"","email_type":"html","recipients":"spam@atiframe.ru","bcc_to":"","email_subject":"Request {entry_id}","email_message":"{summary}"},"check_honey":1,"antispam":{"sender_name":"","sender_email":""},"conditional_groups":[],"settings":{"responsive":{"break_point":"sm"}},"privacy_exporter_enabled":false,"version":"1.8.7","db_id":"43","type":"primary"}