{"_last_updated":"Mon, 09 Dec 2019 16:57:15 +0000","ID":"CF5dee795c92c35","cf_version":"1.8.8","name":"Contacts_3_fileds","scroll_top":0,"success":"Form has been successfully submitted. Thank you.\t\t\t","db_support":1,"pinned":0,"hide_form":1,"avatar_field":"","form_ajax":1,"custom_callback":"","layout_grid":{"fields":{"fld_1516305":"1:1","fld_8029013":"2:1","fld_4366295":"2:2","fld_7987283":"3:1"},"structure":"12|6:6|12"},"fields":{"fld_1516305":{"ID":"fld_1516305","type":"text","label":"name","hide_label":1,"slug":"your_name","conditions":{"type":""},"required":1,"caption":"","config":{"custom_class":"","placeholder":"Full name","default":"","type_override":"text","mask":"","email_identifier":0,"personally_identifying":0}},"fld_8029013":{"ID":"fld_8029013","type":"phone_better","label":"phone","hide_label":1,"slug":"your_phone","conditions":{"type":""},"required":1,"caption":"","config":{"custom_class":"","placeholder":"Phone number","default":"","nationalMode":"on","email_identifier":0,"personally_identifying":0}},"fld_4366295":{"ID":"fld_4366295","type":"email","label":"email","hide_label":1,"slug":"your_email","conditions":{"type":""},"required":1,"caption":"","config":{"custom_class":"","placeholder":"Email address","default":"","email_identifier":0,"personally_identifying":0}},"fld_7987283":{"ID":"fld_7987283","type":"button","label":"Get started","slug":"get_started","conditions":{"type":""},"caption":"","config":{"custom_class":"","type":"submit","class":"btn btn-default","target":""}}},"page_names":["Page 1"],"mailer":{"on_insert":1,"sender_name":"Request","sender_email":"spam@atiframe.ru","reply_to":"","email_type":"html","recipients":"","bcc_to":"","email_subject":"Contacts_3_fileds","email_message":"{summary}"},"check_honey":1,"antispam":{"sender_name":"","sender_email":""},"conditional_groups":{"_open_condition":""},"settings":{"responsive":{"break_point":"sm"}},"privacy_exporter_enabled":false,"version":"1.8.8","db_id":"47","type":"primary"}