{"_last_updated":"Sun, 29 Dec 2019 12:52:21 +0000","ID":"CF5e08a12a6acb5","cf_version":"1.8.8","name":"home3_top_form","scroll_top":0,"success":"Form has been successfully submitted. Thank you.\t\t\t\t\t\t\t\t\t\t\t\t\t\t\t\t\t\t\t\t\t","db_support":1,"pinned":0,"hide_form":1,"avatar_field":null,"form_ajax":1,"custom_callback":"","layout_grid":{"fields":{"fld_1637343":"1:1","fld_2869966":"1:2","fld_8510004":"1:3","fld_9298314":"1:4"},"structure":"3:3:3:3"},"fields":{"fld_1637343":{"ID":"fld_1637343","type":"text","label":"Name","hide_label":1,"slug":"your_name","conditions":{"type":""},"required":1,"caption":"","config":{"custom_class":"","placeholder":"Name","default":"","type_override":"text","mask":"","email_identifier":0,"personally_identifying":0}},"fld_8510004":{"ID":"fld_8510004","type":"email","label":"E-mail","hide_label":1,"slug":"your_mail","conditions":{"type":""},"required":1,"caption":"","config":{"custom_class":"","placeholder":"","default":"","email_identifier":0,"personally_identifying":0}},"fld_2869966":{"ID":"fld_2869966","type":"phone_better","label":"Phone","hide_label":1,"slug":"your_phone","conditions":{"type":""},"required":1,"caption":"","config":{"custom_class":"","placeholder":"","default":"","email_identifier":0,"personally_identifying":0}},"fld_9298314":{"ID":"fld_9298314","type":"button","label":"Send","slug":"send","conditions":{"type":""},"caption":"","config":{"custom_class":"","type":"submit","class":"btn btn-default","target":""}}},"page_names":["Page 1"],"mailer":{"on_insert":1,"sender_name":"Request","sender_email":"wordpress@atiframe.com","reply_to":"","email_type":"html","recipients":"spam@atiframe.ru","bcc_to":"","email_subject":"Request {entry_id}","email_message":"{summary}"},"check_honey":1,"antispam":{"sender_name":"","sender_email":""},"conditional_groups":{"_open_condition":""},"settings":{"responsive":{"break_point":"sm"}},"privacy_exporter_enabled":false,"version":"1.8.8","db_id":"63","type":"primary"}